{
  "accuracy": 84.9,
  "roc_auc": 0.9307,
  "confusion_matrix": [
    [
      383,
      74
    ],
    [
      77,
      466
    ]
  ],
  "classification_report": {
    "0": {
      "precision": 0.8326086956521739,
      "recall": 0.838074398249453,
      "f1-score": 0.8353326063249727,
      "support": 457.0
    },
    "1": {
      "precision": 0.8629629629629629,
      "recall": 0.858195211786372,
      "f1-score": 0.8605724838411819,
      "support": 543.0
    },
    "accuracy": 0.849,
    "macro avg": {
      "precision": 0.8477858293075684,
      "recall": 0.8481348050179125,
      "f1-score": 0.8479525450830774,
      "support": 1000.0
    },
    "weighted avg": {
      "precision": 0.8490910628019324,
      "recall": 0.849,
      "f1-score": 0.8490378598162742,
      "support": 1000.0
    }
  },
  "cv_mean_accuracy": 83.08,
  "cv_std_accuracy": 1.38
}